input_doc	distance	class	class_match	keyword_match	ref_match
epidemiology	0.004702074918028654	epidemiology	1	8	1
epidemiology	0.006361114268685131	epidemiology	1	0	0
epidemiology	0.008616413950394919	epidemiology	1	0	0
epidemiology	0.008676077398327209	epidemiology	1	0	0
epidemiology	0.008846919883793047	epidemiology	1	0	0
epidemiology	0.009972239745361544	epidemiology	1	0	0
epidemiology	0.010072518537606823	epidemiology	1	0	0
epidemiology	0.010275442464688145	epidemiology	1	0	0
epidemiology	0.010722485687303718	epidemiology	1	0	0
epidemiology	0.011315409493783735	epidemiology	1	0	0
epidemiology	0.01139174678887489	epidemiology	1	0	0
epidemiology	0.011399519184436269	epidemiology	1	0	0
epidemiology	0.012611981088272328	epidemiology	1	0	0
epidemiology	0.012975251076260075	epidemiology	1	0	0
epidemiology	0.013173782049229366	epidemiology	1	0	0
epidemiology	0.013335721561729796	epidemiology	1	0	0
epidemiology	0.013543254634174828	epidemiology	1	0	0
epidemiology	0.013749722179992152	epidemiology	1	0	0
epidemiology	0.01417063172947719	epidemiology	1	0	0
epidemiology	0.014239458188031628	epidemiology	1	1	0
epidemiology	0.014321527818835222	epidemiology	1	0	0
epidemiology	0.014322838846604125	epidemiology	1	0	0
epidemiology	0.014430127480458355	epidemiology	1	0	0
epidemiology	0.014817956258307174	epidemiology	1	0	0
epidemiology	0.014926717046594873	epidemiology	1	0	0
epidemiology	0.015178877722269113	epidemiology	1	0	0
epidemiology	0.015262145136990535	epidemiology	1	0	0
epidemiology	0.015304545010342507	epidemiology	1	0	0
epidemiology	0.015329742268481383	epidemiology	1	0	0
epidemiology	0.01542505698507124	epidemiology	1	0	0
epidemiology	0.015455640231549328	epidemiology	1	0	0
epidemiology	0.015907372680671883	epidemiology	1	0	0
epidemiology	0.016009412321553618	epidemiology	1	0	0
epidemiology	0.016091578401337236	epidemiology	1	0	0
epidemiology	0.016170557447934275	epidemiology	1	0	0
epidemiology	0.016414988357952853	epidemiology	1	0	0
epidemiology	0.01644594461276183	epidemiology	1	0	0
epidemiology	0.0165048543689319	epidemiology	1	0	0
epidemiology	0.01664313442409615	epidemiology	1	0	0
epidemiology	0.016997385270016152	epidemiology	1	0	0
epidemiology	0.017122301850201804	epidemiology	1	0	0
epidemiology	0.0171926538454914	epidemiology	1	0	0
epidemiology	0.017217261554277385	epidemiology	1	0	0
epidemiology	0.01725931499701161	epidemiology	1	0	0
epidemiology	0.01729253428863442	epidemiology	1	0	0
epidemiology	0.017439901861751927	epidemiology	1	0	0
epidemiology	0.01794119665779781	epidemiology	1	0	0
epidemiology	0.017959267448825034	epidemiology	1	0	0
epidemiology	0.01824529206081571	epidemiology	1	0	0
epidemiology	0.018307674600648527	epidemiology	1	0	0
epidemiology	0.01833305621763326	epidemiology	1	0	0
epidemiology	0.018514275700386995	epidemiology	1	0	0
epidemiology	0.018989896151172303	epidemiology	1	0	0
epidemiology	0.019142673712654656	epidemiology	1	0	0
epidemiology	0.019166034133898613	epidemiology	1	0	0
epidemiology	0.019246438256492637	epidemiology	1	0	0
epidemiology	0.019286708401061836	epidemiology	1	0	0
epidemiology	0.019433381232046965	epidemiology	1	0	0
epidemiology	0.01980227455018302	epidemiology	1	0	0
epidemiology	0.019974150429583726	epidemiology	1	0	0
epidemiology	0.0200730789659902	epidemiology	1	0	0
epidemiology	0.020237830499149068	epidemiology	1	0	0
epidemiology	0.02033314868493763	epidemiology	1	0	0
epidemiology	0.020582048779326234	epidemiology	1	0	0
epidemiology	0.020606345219697952	epidemiology	1	1	0
epidemiology	0.02069328319602215	epidemiology	1	2	0
epidemiology	0.02070045607532367	epidemiology	1	0	0
epidemiology	0.02072382375266224	epidemiology	1	0	0
epidemiology	0.0207291028250417	epidemiology	1	0	0
epidemiology	0.021057409239798486	epidemiology	1	0	0
epidemiology	0.021208631830839986	epidemiology	1	0	0
epidemiology	0.021249616729401066	epidemiology	1	0	0
epidemiology	0.021405890165990482	epidemiology	1	0	0
epidemiology	0.021572410335096714	epidemiology	1	0	0
epidemiology	0.021792866292061563	epidemiology	1	0	0
epidemiology	0.021824044128993747	epidemiology	1	0	0
epidemiology	0.021824192930043562	epidemiology	1	0	0
epidemiology	0.02205335452351631	epidemiology	1	0	0
epidemiology	0.022225123506518396	epidemiology	1	0	0
epidemiology	0.022255315061493808	epidemiology	1	0	0
epidemiology	0.02228647817971008	epidemiology	1	1	0
epidemiology	0.022447399925113687	epidemiology	1	0	0
epidemiology	0.022604054184574673	epidemiology	1	0	0
epidemiology	0.02267817426713281	epidemiology	1	0	0
epidemiology	0.022878604543248193	epidemiology	1	0	0
epidemiology	0.023080024943714528	epidemiology	1	0	0
epidemiology	0.02318680731154521	epidemiology	1	0	0
epidemiology	0.023211843715445823	epidemiology	1	0	0
epidemiology	0.023319877531722488	epidemiology	1	0	0
epidemiology	0.023344724281900042	epidemiology	1	0	0
epidemiology	0.023352206288256183	epidemiology	1	0	0
epidemiology	0.023486959090412096	epidemiology	1	0	0
epidemiology	0.023534959004357203	epidemiology	1	0	0
epidemiology	0.023539481918661176	epidemiology	1	0	0
epidemiology	0.023616578017301104	epidemiology	1	0	0
epidemiology	0.023711491078088565	epidemiology	1	0	0
epidemiology	0.023973406124242258	epidemiology	1	0	0
epidemiology	0.02416474749441111	epidemiology	1	0	0
epidemiology	0.024193701764913866	epidemiology	1	0	0
epidemiology	0.02420657697636508	epidemiology	1	0	0
epidemiology	0.024387367015021977	epidemiology	1	0	0
epidemiology	0.02440911535587953	epidemiology	1	0	0
epidemiology	0.02461243905760102	scientific communication and education	0	0	0
epidemiology	0.02486930974368462	epidemiology	1	0	0
epidemiology	0.024881145341874134	epidemiology	1	0	0
epidemiology	0.025381674503666685	epidemiology	1	0	0
epidemiology	0.025428976927247993	epidemiology	1	0	0
epidemiology	0.025718353136336747	epidemiology	1	0	0
epidemiology	0.025882788258011602	epidemiology	1	0	0
epidemiology	0.025947771415030907	epidemiology	1	0	0
epidemiology	0.025969222281151505	epidemiology	1	0	0
epidemiology	0.026008406708811993	epidemiology	1	0	0
epidemiology	0.026254798870152918	epidemiology	1	0	0
epidemiology	0.02628449407598743	epidemiology	1	0	0
epidemiology	0.026336843468554028	epidemiology	1	0	0
epidemiology	0.026428620212403553	epidemiology	1	0	0
epidemiology	0.026578794487338464	epidemiology	1	0	0
epidemiology	0.02659629920551454	epidemiology	1	0	0
epidemiology	0.026616166796391894	epidemiology	1	0	0
epidemiology	0.02666479584866721	epidemiology	1	0	0
epidemiology	0.026758492981320714	epidemiology	1	0	0
epidemiology	0.02699926014996512	epidemiology	1	0	0
epidemiology	0.02701552997953205	epidemiology	1	0	0
epidemiology	0.02710831751056908	epidemiology	1	0	0
epidemiology	0.027126901320959296	epidemiology	1	0	0
epidemiology	0.027449319639721526	epidemiology	1	0	0
epidemiology	0.027549942688378293	epidemiology	1	0	0
epidemiology	0.027640164064282602	epidemiology	1	1	0
epidemiology	0.027672016074725136	epidemiology	1	0	0
epidemiology	0.02782808123021774	epidemiology	1	0	0
epidemiology	0.027900479146868995	epidemiology	1	0	0
epidemiology	0.027945098646102062	epidemiology	1	0	0
epidemiology	0.028003202000906002	epidemiology	1	0	0
epidemiology	0.028010097545705714	epidemiology	1	0	0
epidemiology	0.028056976327187955	epidemiology	1	0	0
epidemiology	0.028166998140209287	epidemiology	1	0	0
epidemiology	0.028516310240630394	epidemiology	1	0	0
epidemiology	0.02855773256770966	epidemiology	1	0	0
epidemiology	0.028574828837882094	epidemiology	1	0	0
epidemiology	0.02861583241134036	epidemiology	1	0	0
epidemiology	0.028645950642981477	epidemiology	1	0	0
epidemiology	0.028652910206000137	epidemiology	1	0	0
epidemiology	0.02871464245672739	epidemiology	1	0	0
epidemiology	0.028795226707623578	epidemiology	1	0	0
epidemiology	0.02882103983096429	epidemiology	1	0	0
epidemiology	0.028984626226990606	epidemiology	1	0	0
epidemiology	0.029108658937673004	epidemiology	1	0	0
epidemiology	0.029157101281445774	epidemiology	1	0	0
epidemiology	0.02919901322404095	epidemiology	1	0	0
epidemiology	0.02933092415602534	epidemiology	1	0	0
epidemiology	0.029367539555493205	epidemiology	1	0	0
epidemiology	0.029710546477121014	epidemiology	1	0	0
epidemiology	0.030067439006328134	epidemiology	1	0	0
epidemiology	0.030109058823716728	epidemiology	1	0	0
epidemiology	0.03018367466861893	epidemiology	1	0	0
epidemiology	0.030261370295937895	epidemiology	1	0	0
epidemiology	0.030426580336787246	epidemiology	1	0	0
epidemiology	0.03043214958903584	epidemiology	1	0	0
epidemiology	0.030536177504295936	epidemiology	1	0	0
epidemiology	0.03056051329413212	epidemiology	1	0	0
epidemiology	0.03081247738885129	epidemiology	1	0	0
epidemiology	0.030943863195894372	epidemiology	1	0	0
epidemiology	0.03113209113773452	epidemiology	1	0	0
epidemiology	0.03116068759719881	epidemiology	1	0	0
epidemiology	0.03143485465374607	epidemiology	1	0	0
epidemiology	0.03160435604156819	epidemiology	1	0	0
epidemiology	0.031648414216550846	epidemiology	1	0	0
epidemiology	0.03184998193011057	epidemiology	1	0	0
epidemiology	0.03188352583360543	epidemiology	1	0	0
epidemiology	0.03210284845041045	epidemiology	1	0	0
epidemiology	0.032190973032148906	epidemiology	1	0	0
epidemiology	0.03223423100410361	epidemiology	1	0	0
epidemiology	0.03242391776616005	epidemiology	1	0	0
epidemiology	0.03244548322374907	epidemiology	1	0	0
epidemiology	0.032512522794408194	epidemiology	1	1	0
epidemiology	0.03255160898489218	epidemiology	1	0	0
epidemiology	0.03269938376796755	epidemiology	1	0	0
epidemiology	0.0329035579579674	epidemiology	1	0	0
epidemiology	0.033179948962113404	epidemiology	1	0	0
epidemiology	0.033248585550109344	epidemiology	1	2	0
epidemiology	0.033294030875347214	epidemiology	1	0	0
epidemiology	0.03350600167913065	epidemiology	1	0	0
epidemiology	0.03355294340493509	epidemiology	1	0	0
epidemiology	0.03359137958156244	epidemiology	1	0	0
epidemiology	0.033979902014549146	epidemiology	1	0	0
epidemiology	0.03418501033807542	epidemiology	1	0	0
epidemiology	0.034565183835995605	epidemiology	1	0	0
epidemiology	0.0346692869060542	epidemiology	1	0	0
epidemiology	0.03513251043374033	epidemiology	1	0	0
epidemiology	0.035224010654401394	epidemiology	1	0	0
epidemiology	0.0353117739323795	epidemiology	1	0	0
epidemiology	0.03544576431865398	epidemiology	1	0	0
epidemiology	0.0355407198957588	epidemiology	1	0	0
epidemiology	0.03562130718833789	epidemiology	1	0	0
epidemiology	0.03569803528416504	epidemiology	1	0	0
epidemiology	0.035707716789321386	epidemiology	1	0	0
epidemiology	0.035761908421791055	epidemiology	1	0	0
epidemiology	0.035798991856962004	epidemiology	1	0	0
epidemiology	0.03595609209820416	epidemiology	1	0	0
epidemiology	0.0362123603897726	epidemiology	1	0	0
epidemiology	0.03621850103758706	epidemiology	1	0	0
epidemiology	0.036394837868605645	epidemiology	1	0	0
epidemiology	0.03662553935642254	epidemiology	1	0	0
epidemiology	0.036784763299246515	epidemiology	1	0	0
epidemiology	0.03720215890300216	epidemiology	1	0	0
epidemiology	0.037394228902526305	epidemiology	1	0	0
epidemiology	0.03740616903362193	epidemiology	1	0	0
epidemiology	0.037669930037052324	epidemiology	1	0	0
epidemiology	0.03779378689256163	epidemiology	1	0	0
epidemiology	0.03788436062680911	epidemiology	1	0	0
epidemiology	0.038351058428552465	epidemiology	1	0	0
epidemiology	0.038431079974465265	microbiology	0	0	0
epidemiology	0.038846147952501964	epidemiology	1	0	0
epidemiology	0.03892064952316321	epidemiology	1	0	0
epidemiology	0.039021743139117215	epidemiology	1	0	0
epidemiology	0.039198597002576774	epidemiology	1	0	0
epidemiology	0.039381344745907376	epidemiology	1	0	0
epidemiology	0.0394559919763664	epidemiology	1	0	0
epidemiology	0.03947694781647826	epidemiology	1	1	0
epidemiology	0.039490270131737004	epidemiology	1	0	0
epidemiology	0.03971518544256636	epidemiology	1	0	0
epidemiology	0.039791648453606165	epidemiology	1	0	0
epidemiology	0.03985532317526186	epidemiology	1	0	0
epidemiology	0.039889152909921566	epidemiology	1	0	0
epidemiology	0.040131867671298505	epidemiology	1	0	0
epidemiology	0.0402444152754039	epidemiology	1	0	0
epidemiology	0.040348109675448884	epidemiology	1	0	0
epidemiology	0.04071660957274359	epidemiology	1	0	0
epidemiology	0.04081790406522967	epidemiology	1	0	0
epidemiology	0.04111454837110751	epidemiology	1	0	0
epidemiology	0.04137573191702382	epidemiology	1	1	0
epidemiology	0.041849327028981254	epidemiology	1	0	0
epidemiology	0.04194003410385161	epidemiology	1	0	0
epidemiology	0.042083008189936044	epidemiology	1	0	0
epidemiology	0.04233148348850002	epidemiology	1	0	0
epidemiology	0.04282579868811309	epidemiology	1	0	0
epidemiology	0.04313070704368038	epidemiology	1	0	0
epidemiology	0.04347947203120328	epidemiology	1	0	0
epidemiology	0.04349001311951228	epidemiology	1	0	0
epidemiology	0.04355927704513263	epidemiology	1	0	0
epidemiology	0.04365622318147888	epidemiology	1	0	0
epidemiology	0.04370123050473429	epidemiology	1	0	0
epidemiology	0.043772508881187	epidemiology	1	0	0
epidemiology	0.04392685377441896	epidemiology	1	0	0
epidemiology	0.04407496961993618	epidemiology	1	0	0
epidemiology	0.04407496961993618	epidemiology	1	0	0
epidemiology	0.0442119463825118	epidemiology	1	0	0
epidemiology	0.04422612810074811	epidemiology	1	0	0
epidemiology	0.04435353571599843	epidemiology	1	0	0
epidemiology	0.04443393138608476	epidemiology	1	0	0
epidemiology	0.04444930372880307	epidemiology	1	0	0
epidemiology	0.0444666840092911	epidemiology	1	0	0
epidemiology	0.044497482559356816	epidemiology	1	0	0
epidemiology	0.04457200713176834	epidemiology	1	0	0
epidemiology	0.044660194174757195	epidemiology	1	0	0
epidemiology	0.04470699653109367	epidemiology	1	0	0
epidemiology	0.04550676795541542	epidemiology	1	0	0
epidemiology	0.04556695486028284	epidemiology	1	0	0
epidemiology	0.04595666261466991	epidemiology	1	0	0
epidemiology	0.04598235525506278	epidemiology	1	0	0
epidemiology	0.04615167577195223	epidemiology	1	0	0
epidemiology	0.04628271040752707	epidemiology	1	0	0
epidemiology	0.046449963765857305	epidemiology	1	0	0
epidemiology	0.04664339554699237	epidemiology	1	0	0
epidemiology	0.04664600373411365	epidemiology	1	0	0
epidemiology	0.04708174300102452	epidemiology	1	0	0
epidemiology	0.04711111674660973	epidemiology	1	0	0
epidemiology	0.047490253493014944	epidemiology	1	1	0
epidemiology	0.047770967544283116	epidemiology	1	0	0
epidemiology	0.04813273459895273	epidemiology	1	0	0
epidemiology	0.048175398124513436	epidemiology	1	0	0
epidemiology	0.04881206089937229	immunology	0	0	0
epidemiology	0.04901831530502554	epidemiology	1	1	0
epidemiology	0.04908283402928071	epidemiology	1	0	0
epidemiology	0.04914602105601973	epidemiology	1	1	0
epidemiology	0.04916435631026217	epidemiology	1	0	0
epidemiology	0.04936760541161034	epidemiology	1	1	0
epidemiology	0.04940281747952846	epidemiology	1	0	0
epidemiology	0.049701661358596105	epidemiology	1	0	0
epidemiology	0.04978632134412175	epidemiology	1	1	0
epidemiology	0.04981373977958814	epidemiology	1	0	0
epidemiology	0.05044038716919719	epidemiology	1	0	0
epidemiology	0.05048294867941894	epidemiology	1	0	0
epidemiology	0.05058696381995664	epidemiology	1	0	0
epidemiology	0.05084420356417152	epidemiology	1	0	0
epidemiology	0.05158614210933277	clinical trials	0	0	0
epidemiology	0.05231533699250157	epidemiology	1	0	0
epidemiology	0.052502092525493316	epidemiology	1	0	0
epidemiology	0.05295391925770876	epidemiology	1	0	0
epidemiology	0.05326414394945467	epidemiology	1	0	0
epidemiology	0.05329892747923093	epidemiology	1	0	0
epidemiology	0.0538375227264738	epidemiology	1	0	0
epidemiology	0.05386898542940677	epidemiology	1	0	0
epidemiology	0.05410038583423282	epidemiology	1	0	0
epidemiology	0.054245574560906396	epidemiology	1	0	0
epidemiology	0.0543195262375582	epidemiology	1	0	0
epidemiology	0.054540197353088904	epidemiology	1	0	0
epidemiology	0.05485493026021071	epidemiology	1	0	0
epidemiology	0.05535088319339698	epidemiology	1	0	0
epidemiology	0.05544730967945388	epidemiology	1	0	0
epidemiology	0.055911031770087605	epidemiology	1	0	0
epidemiology	0.05627789600557476	epidemiology	1	0	0
epidemiology	0.05682005025577497	epidemiology	1	0	0
epidemiology	0.05729078058039705	epidemiology	1	0	0
epidemiology	0.05817111133030484	epidemiology	1	0	0
epidemiology	0.058651055404947416	epidemiology	1	0	0
epidemiology	0.05878328793748955	epidemiology	1	0	0
epidemiology	0.0587964093047777	epidemiology	1	0	0
epidemiology	0.0588410465181467	epidemiology	1	0	0
epidemiology	0.05888580072502214	microbiology	0	0	0
epidemiology	0.059185386776145155	epidemiology	1	0	0
epidemiology	0.059634076381314016	epidemiology	1	0	0
epidemiology	0.059908228872590175	epidemiology	1	0	0
epidemiology	0.0605648317039571	epidemiology	1	0	0
epidemiology	0.06065116965873829	epidemiology	1	0	0
epidemiology	0.06075638159319907	epidemiology	1	0	0
epidemiology	0.06086672565354967	epidemiology	1	0	0
epidemiology	0.06117420812749008	epidemiology	1	0	0
epidemiology	0.06166070312559302	epidemiology	1	0	0
epidemiology	0.06245744364448458	epidemiology	1	0	0
epidemiology	0.06268635597000216	epidemiology	1	0	0
epidemiology	0.06295208922705009	epidemiology	1	0	0
epidemiology	0.06370402454933344	epidemiology	1	0	0
epidemiology	0.06370467538208757	epidemiology	1	0	0
epidemiology	0.06390880099073348	epidemiology	1	0	0
epidemiology	0.0641434001506701	epidemiology	1	0	0
epidemiology	0.06425420699172768	epidemiology	1	0	0
epidemiology	0.06493992440464469	epidemiology	1	0	0
epidemiology	0.06501282194329039	epidemiology	1	0	0
epidemiology	0.06517209893292364	epidemiology	1	0	0
epidemiology	0.0659070568177802	epidemiology	1	0	0
epidemiology	0.06662017774784967	epidemiology	1	0	0
epidemiology	0.06682535168753978	epidemiology	1	0	0
epidemiology	0.0668649077847171	epidemiology	1	0	0
epidemiology	0.06713055892958875	microbiology	0	0	0
epidemiology	0.06759762655535373	epidemiology	1	0	0
epidemiology	0.0677404086614165	epidemiology	1	0	0
epidemiology	0.06800602230964092	epidemiology	1	0	0
epidemiology	0.06804050275989437	epidemiology	1	0	0
epidemiology	0.06823549388087446	epidemiology	1	0	0
epidemiology	0.06839209193045015	evolutionary biology	0	0	0
epidemiology	0.06849094423560487	epidemiology	1	0	0
epidemiology	0.0687747520518065	epidemiology	1	0	0
epidemiology	0.06899984558321359	animal behavior and cognition	0	0	0
epidemiology	0.06932351019918115	epidemiology	1	0	0
epidemiology	0.06985482447088598	epidemiology	1	0	0
epidemiology	0.07074168146716686	epidemiology	1	0	0
epidemiology	0.07156158664556156	epidemiology	1	0	0
epidemiology	0.07156890392113391	epidemiology	1	0	0
epidemiology	0.07179739142258668	epidemiology	1	0	0
epidemiology	0.07182643521777954	epidemiology	1	0	0
epidemiology	0.07207274176525469	epidemiology	1	0	0
epidemiology	0.07217591879529717	epidemiology	1	0	0
epidemiology	0.07227953986744062	epidemiology	1	2	0
epidemiology	0.07229776782401476	epidemiology	1	0	0
epidemiology	0.07233936350219516	epidemiology	1	0	0
epidemiology	0.07249158741721295	epidemiology	1	0	0
epidemiology	0.0725690633453806	epidemiology	1	0	0
epidemiology	0.0727510722741821	epidemiology	1	0	0
epidemiology	0.07356808385510805	epidemiology	1	0	0
epidemiology	0.07369562313050948	epidemiology	1	0	0
epidemiology	0.0739776494282739	epidemiology	1	0	0
epidemiology	0.07519260267441474	epidemiology	1	0	0
epidemiology	0.07580338737151215	epidemiology	1	0	0
epidemiology	0.07588031586972621	epidemiology	1	0	0
epidemiology	0.07691090156644032	epidemiology	1	0	0
epidemiology	0.0784594038023988	epidemiology	1	0	0
epidemiology	0.07885699330944218	epidemiology	1	0	0
epidemiology	0.07902045582482897	epidemiology	1	0	0
epidemiology	0.07912331016511798	physiology	0	0	0
epidemiology	0.07932467666935616	epidemiology	1	0	0
epidemiology	0.07970097143324528	epidemiology	1	0	0
epidemiology	0.07997355731750344	neuroscience	0	0	0
epidemiology	0.07997486813423726	pathology	0	0	0
epidemiology	0.08123404426990233	epidemiology	1	0	0
epidemiology	0.08202607693135278	epidemiology	1	0	0
epidemiology	0.08215159142099193	epidemiology	1	0	0
epidemiology	0.08259787894720194	epidemiology	1	0	0
epidemiology	0.0829343640857303	epidemiology	1	0	0
epidemiology	0.08295271091137468	epidemiology	1	0	0
epidemiology	0.0843172990001505	epidemiology	1	0	0
epidemiology	0.08488797585753538	epidemiology	1	0	0
epidemiology	0.08529888110624173	epidemiology	1	0	0
epidemiology	0.08544137654923667	epidemiology	1	0	0
epidemiology	0.08583856126346412	epidemiology	1	0	0
epidemiology	0.08604984733548537	epidemiology	1	0	0
epidemiology	0.08617463729570685	epidemiology	1	0	0
epidemiology	0.08621856753084023	epidemiology	1	0	0
epidemiology	0.08629367789154851	epidemiology	1	0	0
epidemiology	0.08688554739157739	epidemiology	1	0	0
epidemiology	0.08748180553375762	microbiology	0	0	0
epidemiology	0.08915083512472166	epidemiology	1	0	0
epidemiology	0.0898016319110464	genomics	0	0	0
epidemiology	0.0902055534337578	epidemiology	1	0	0
epidemiology	0.09110400649433026	epidemiology	1	0	0
epidemiology	0.09154343236902629	epidemiology	1	0	0
epidemiology	0.0924179755770782	epidemiology	1	0	0
epidemiology	0.0924924118531576	epidemiology	1	0	0
epidemiology	0.09251467999908458	epidemiology	1	0	0
epidemiology	0.09266994383152127	epidemiology	1	0	0
epidemiology	0.09299627063064264	epidemiology	1	0	0
epidemiology	0.0944732987586312	epidemiology	1	0	0
epidemiology	0.0945975662754367	epidemiology	1	0	0
epidemiology	0.09465748725540757	epidemiology	1	0	0
epidemiology	0.09471157009709152	epidemiology	1	0	0
epidemiology	0.09495807475566154	epidemiology	1	0	0
epidemiology	0.0951246755763483	epidemiology	1	0	0
epidemiology	0.09542815371705515	epidemiology	1	0	0
epidemiology	0.0959008341519183	epidemiology	1	0	0
epidemiology	0.096452605726989	epidemiology	1	0	0
epidemiology	0.09750350529959129	pharmacology and toxicology	0	0	0
epidemiology	0.0976271898494272	epidemiology	1	1	0
epidemiology	0.0979910027797316	epidemiology	1	0	0
epidemiology	0.09809201795145817	epidemiology	1	0	0
epidemiology	0.09809592884079577	epidemiology	1	0	0
epidemiology	0.09855885420532429	epidemiology	1	0	0
epidemiology	0.09922756951247103	epidemiology	1	1	0
epidemiology	0.09955567400675225	epidemiology	1	0	0
epidemiology	0.10024133793553502	epidemiology	1	0	0
epidemiology	0.10040960279229316	epidemiology	1	0	0
epidemiology	0.10091303071486812	epidemiology	1	0	0
epidemiology	0.10130890641022217	epidemiology	1	0	0
epidemiology	0.10203123761878918	epidemiology	1	0	0
epidemiology	0.102518970838265	epidemiology	1	0	0
epidemiology	0.10326866098336396	epidemiology	1	0	0
epidemiology	0.10385874956493002	epidemiology	1	0	0
epidemiology	0.10412180005093652	epidemiology	1	0	0
epidemiology	0.10413618080299247	epidemiology	1	0	0
epidemiology	0.10424853124195488	epidemiology	1	0	0
epidemiology	0.10799033602020391	epidemiology	1	0	0
epidemiology	0.11157051941334284	epidemiology	1	0	0
epidemiology	0.11182193553622921	epidemiology	1	0	0
epidemiology	0.11302075831481684	epidemiology	1	0	0
epidemiology	0.11333186525340821	epidemiology	1	0	0
epidemiology	0.11379856097443375	systems biology	0	0	0
epidemiology	0.11654253787822899	epidemiology	1	0	0
epidemiology	0.11669871801431642	epidemiology	1	0	0
epidemiology	0.11670130288021774	epidemiology	1	0	0
epidemiology	0.11729033503984654	epidemiology	1	0	0
epidemiology	0.11791492410044768	epidemiology	1	0	0
epidemiology	0.11829530956303747	epidemiology	1	0	0
epidemiology	0.11939028523503048	epidemiology	1	0	0
epidemiology	0.11944454671523852	epidemiology	1	0	0
epidemiology	0.11985693743292047	epidemiology	1	0	0
epidemiology	0.1199313445100092	epidemiology	1	0	0
epidemiology	0.11995269645397444	epidemiology	1	0	0
epidemiology	0.12000284574386522	epidemiology	1	0	0
epidemiology	0.1213954979770494	scientific communication and education	0	0	0
epidemiology	0.12157526072185665	epidemiology	1	0	0
epidemiology	0.12203852634747514	epidemiology	1	0	0
epidemiology	0.12207279313003028	epidemiology	1	0	0
epidemiology	0.12229824109459986	epidemiology	1	0	0
epidemiology	0.12322290658951751	epidemiology	1	0	0
epidemiology	0.12403444372807393	epidemiology	1	0	0
epidemiology	0.12414637821366936	epidemiology	1	0	0
epidemiology	0.12424870285457845	epidemiology	1	1	0
epidemiology	0.12440203490156898	epidemiology	1	0	0
epidemiology	0.12467769977484133	epidemiology	1	0	0
epidemiology	0.12561001760393653	epidemiology	1	0	0
epidemiology	0.12590097464268402	epidemiology	1	0	0
epidemiology	0.12815808838756604	epidemiology	1	0	0
epidemiology	0.12947218046796694	immunology	0	0	0
epidemiology	0.12992062180630448	epidemiology	1	0	0
epidemiology	0.12992364285256164	epidemiology	1	0	0
epidemiology	0.1301151429216466	epidemiology	1	0	0
epidemiology	0.133493134091474	epidemiology	1	0	0
epidemiology	0.1345795224431694	epidemiology	1	0	0
epidemiology	0.1346054269928132	epidemiology	1	0	0
epidemiology	0.13630704283630968	epidemiology	1	0	0
epidemiology	0.13669708737975006	epidemiology	1	0	0
epidemiology	0.13712342167934066	epidemiology	1	0	0
epidemiology	0.13733122752516647	epidemiology	1	0	0
epidemiology	0.13787529910807084	clinical trials	0	0	0
epidemiology	0.13941960039232504	epidemiology	1	0	0
epidemiology	0.14048624969016266	epidemiology	1	0	0
epidemiology	0.14083310314451525	epidemiology	1	0	0
epidemiology	0.14422981941137814	epidemiology	1	0	0
epidemiology	0.14478097105621612	epidemiology	1	0	0
epidemiology	0.1451463907103433	epidemiology	1	1	0
epidemiology	0.14525242586820275	epidemiology	1	0	0
epidemiology	0.1460168896271835	epidemiology	1	0	0
epidemiology	0.14758729875064747	epidemiology	1	0	0
epidemiology	0.14800431330240227	developmental biology	0	0	0
epidemiology	0.14876097630810659	epidemiology	1	0	0
epidemiology	0.1489039895300176	epidemiology	1	0	0
epidemiology	0.149363275271437	epidemiology	1	0	0
epidemiology	0.1496494503253617	cancer biology	0	0	0
epidemiology	0.15032611584532451	genetics	0	0	0
epidemiology	0.15459670965067585	epidemiology	1	0	0
epidemiology	0.15762359189229813	epidemiology	1	0	0
epidemiology	0.1591491625962419	epidemiology	1	0	0
epidemiology	0.15925219827553372	epidemiology	1	0	0
epidemiology	0.15965916095342947	epidemiology	1	0	0
epidemiology	0.15990025473581537	epidemiology	1	0	0
epidemiology	0.16053530472383115	physiology	0	0	0
epidemiology	0.16066353687174162	epidemiology	1	0	0
epidemiology	0.1637813974461998	epidemiology	1	0	0
epidemiology	0.16460358761856297	microbiology	0	0	0
epidemiology	0.16579086608161342	epidemiology	1	0	0
epidemiology	0.16583940862775326	epidemiology	1	0	0
epidemiology	0.1664564084876633	epidemiology	1	0	0
epidemiology	0.1668492002312788	genetics	0	0	0
epidemiology	0.1674346335694712	epidemiology	1	0	0
epidemiology	0.16771821963192124	microbiology	0	0	0
epidemiology	0.16907965143639614	pharmacology and toxicology	0	0	0
epidemiology	0.16929920447087454	biochemistry	0	0	0
epidemiology	0.16966694360760493	clinical trials	0	0	0
epidemiology	0.17221328096457422	microbiology	0	0	0
epidemiology	0.17415216844127301	neuroscience	0	0	0
epidemiology	0.17637374067252853	epidemiology	1	0	0
epidemiology	0.17648477425157005	physiology	0	0	0
epidemiology	0.17673610214050028	genetics	0	0	0
epidemiology	0.17715969721787128	epidemiology	1	0	0
epidemiology	0.17939042114648163	epidemiology	1	0	0
epidemiology	0.1817106284569847	epidemiology	1	0	0
epidemiology	0.18277344876582935	epidemiology	1	0	0
epidemiology	0.18318873545721348	epidemiology	1	0	0
epidemiology	0.18427180409755906	zoology	0	0	0
epidemiology	0.18474290576979735	epidemiology	1	0	0
epidemiology	0.18505242597412996	epidemiology	1	0	0
epidemiology	0.1854701055374267	epidemiology	1	0	0
epidemiology	0.1864382931162777	immunology	0	0	0
epidemiology	0.1870863333124061	epidemiology	1	0	0
epidemiology	0.18796169783208028	epidemiology	1	0	0
epidemiology	0.18949217008110564	epidemiology	1	0	0
epidemiology	0.18984840911845435	scientific communication and education	0	1	0
epidemiology	0.19017003499160412	ecology	0	0	0
epidemiology	0.1926613962152648	scientific communication and education	0	0	0
epidemiology	0.19286516670128284	epidemiology	1	0	0
epidemiology	0.19358956540820982	epidemiology	1	0	0
epidemiology	0.19460733155559296	epidemiology	1	0	0
epidemiology	0.19641978181991993	neuroscience	0	0	0
epidemiology	0.1975814375430287	epidemiology	1	0	0
epidemiology	0.20041649609807133	bioinformatics	0	0	0
epidemiology	0.20117317040763605	neuroscience	0	0	0
epidemiology	0.2023249974767326	ecology	0	1	0
epidemiology	0.2025778948119623	epidemiology	1	0	0
epidemiology	0.20262355327445591	epidemiology	1	0	0
epidemiology	0.2059604094824482	zoology	0	0	0
epidemiology	0.20597574439404576	physiology	0	0	0
epidemiology	0.21067781202518054	microbiology	0	0	0
epidemiology	0.21176476998907956	epidemiology	1	0	0
epidemiology	0.2118702973765254	epidemiology	1	0	0
epidemiology	0.21300974677773965	epidemiology	1	0	0
epidemiology	0.2153179405729353	epidemiology	1	0	0
epidemiology	0.21590780159020506	epidemiology	1	0	0
epidemiology	0.21687668537867877	systems biology	0	0	0
epidemiology	0.217200810385501	molecular biology	0	0	0
epidemiology	0.21736074283243267	scientific communication and education	0	0	0
epidemiology	0.2175812578923234	epidemiology	1	0	0
epidemiology	0.22027580461034357	scientific communication and education	0	0	0
epidemiology	0.22198074089763864	epidemiology	1	0	0
epidemiology	0.22216947526903263	microbiology	0	0	0
epidemiology	0.22350213750443704	epidemiology	1	0	0
epidemiology	0.22514243130907208	epidemiology	1	0	0
epidemiology	0.22579777598940542	scientific communication and education	0	0	0
epidemiology	0.2282834662686969	ecology	0	0	0
epidemiology	0.22835837461154906	epidemiology	1	0	0
epidemiology	0.228517462155717	epidemiology	1	0	0
epidemiology	0.2289263469232784	epidemiology	1	2	0
epidemiology	0.22988804407971175	epidemiology	1	0	0
epidemiology	0.23036051811184377	epidemiology	1	2	0
epidemiology	0.23045026308829808	epidemiology	1	0	0
epidemiology	0.23057880036247813	epidemiology	1	0	0
epidemiology	0.23100450279090656	microbiology	0	0	0
epidemiology	0.23184540053896752	epidemiology	1	0	0
epidemiology	0.23495173913797485	clinical trials	0	0	0
epidemiology	0.23845766314747907	epidemiology	1	0	0
epidemiology	0.23889689339118503	biochemistry	0	0	0
epidemiology	0.23987861498517882	scientific communication and education	0	0	0
epidemiology	0.24018751736123267	epidemiology	1	0	0
epidemiology	0.2405461883078308	animal behavior and cognition	0	0	0
epidemiology	0.24127440272531464	scientific communication and education	0	0	0
epidemiology	0.24236853452597995	immunology	0	0	0
epidemiology	0.24293867127710145	epidemiology	1	0	0
epidemiology	0.2431903331346712	animal behavior and cognition	0	0	0
epidemiology	0.2436469801651152	genetics	0	0	0
epidemiology	0.24623383571513902	genetics	0	0	0
epidemiology	0.24925040186997316	pathology	0	0	0
epidemiology	0.24926970439513885	animal behavior and cognition	0	0	0
epidemiology	0.2498862085498793	ecology	0	0	0
epidemiology	0.25033598646053834	neuroscience	0	0	0
epidemiology	0.25180440824133676	epidemiology	1	0	0
epidemiology	0.2542234456124114	epidemiology	1	0	0
epidemiology	0.2547732413098843	epidemiology	1	0	0
epidemiology	0.25566019635126447	epidemiology	1	0	0
epidemiology	0.25587056865654734	epidemiology	1	0	0
epidemiology	0.25655110890982946	epidemiology	1	0	0
epidemiology	0.2584970867157065	microbiology	0	0	0
epidemiology	0.25967814339618767	epidemiology	1	0	0
epidemiology	0.2596994778947481	immunology	0	0	0
epidemiology	0.2606495813425661	epidemiology	1	0	0
epidemiology	0.2647678953749605	epidemiology	1	0	0
epidemiology	0.26557891793461375	epidemiology	1	0	0
epidemiology	0.2656461300242938	epidemiology	1	0	0
epidemiology	0.26578210328738017	genetics	0	0	0
epidemiology	0.26720198611319046	epidemiology	1	0	0
epidemiology	0.2679580438677338	microbiology	0	0	0
epidemiology	0.2705879289934222	epidemiology	1	0	0
epidemiology	0.270663371579682	biochemistry	0	0	0
epidemiology	0.27076416987091045	ecology	0	0	0
epidemiology	0.27156183570998205	biophysics	0	0	0
epidemiology	0.2737576758751641	epidemiology	1	0	0
epidemiology	0.2781251676683252	pathology	0	0	0
epidemiology	0.28345020012129674	epidemiology	1	0	0
epidemiology	0.29039305432201423	neuroscience	0	0	0
epidemiology	0.2915522660562673	epidemiology	1	0	0
epidemiology	0.2921113683805018	genomics	0	0	0
epidemiology	0.2966549822377794	clinical trials	0	0	0
epidemiology	0.29726955101411234	epidemiology	1	0	0
epidemiology	0.29751020102640857	biochemistry	0	0	0
epidemiology	0.2980306999520099	ecology	0	0	0
epidemiology	0.29836444065322465	epidemiology	1	0	0
epidemiology	0.2990331318290379	physiology	0	0	0
epidemiology	0.30023542313710005	microbiology	0	0	0
epidemiology	0.301485852183196	microbiology	0	0	0
epidemiology	0.30364504866574105	epidemiology	1	0	0
epidemiology	0.3049400272937429	scientific communication and education	0	0	0
epidemiology	0.3052667454836182	physiology	0	0	0
epidemiology	0.30556164242594086	epidemiology	1	0	0
epidemiology	0.30637290282732654	epidemiology	1	0	0
epidemiology	0.30796160450726007	neuroscience	0	0	0
epidemiology	0.309053403163281	epidemiology	1	0	0
epidemiology	0.3102228719395703	epidemiology	1	0	0
epidemiology	0.31114448669460537	microbiology	0	0	0
epidemiology	0.3111667731936669	biochemistry	0	0	0
epidemiology	0.3115890084207189	epidemiology	1	1	0
epidemiology	0.31423231578026445	immunology	0	0	0
epidemiology	0.31431777156258933	epidemiology	1	0	0
epidemiology	0.3155699787480881	epidemiology	1	0	0
epidemiology	0.31730262926090713	microbiology	0	0	0
epidemiology	0.3180920946786655	epidemiology	1	0	0
epidemiology	0.319866928706132	animal behavior and cognition	0	0	0
epidemiology	0.3204285329730824	clinical trials	0	0	0
epidemiology	0.32208838179766364	epidemiology	1	0	0
epidemiology	0.32235924229081336	epidemiology	1	0	0
epidemiology	0.3239600693414295	clinical trials	0	0	0
epidemiology	0.32531141559606735	epidemiology	1	0	0
epidemiology	0.3273713810856268	epidemiology	1	0	0
epidemiology	0.33012869375420295	epidemiology	1	0	0
epidemiology	0.3310555547300741	epidemiology	1	0	0
epidemiology	0.33112732782208265	molecular biology	0	0	0
epidemiology	0.3326453943775086	bioinformatics	0	0	0
epidemiology	0.3331951002646132	scientific communication and education	0	0	0
epidemiology	0.33663464039518565	epidemiology	1	0	0
epidemiology	0.3370753581807231	epidemiology	1	0	0
epidemiology	0.3381569226376362	plant biology	0	0	0
epidemiology	0.34063747029378955	microbiology	0	0	0
epidemiology	0.3409105947770342	pharmacology and toxicology	0	0	0
epidemiology	0.34116881077624783	epidemiology	1	0	0
epidemiology	0.34159493056493606	epidemiology	1	0	0
epidemiology	0.34171337031718907	epidemiology	1	0	0
epidemiology	0.3425488528848818	ecology	0	0	0
epidemiology	0.34993655786710887	genomics	0	0	0
epidemiology	0.35035172573237783	microbiology	0	0	0
epidemiology	0.35079087197622894	neuroscience	0	0	0
epidemiology	0.35125213957365	biophysics	0	0	0
epidemiology	0.35249279867080796	physiology	0	0	0
epidemiology	0.3535585304716835	epidemiology	1	0	0
epidemiology	0.35367568653808845	physiology	0	0	0
epidemiology	0.3537094477824603	neuroscience	0	0	0
epidemiology	0.35548475804566204	ecology	0	0	0
epidemiology	0.35796243372497816	pharmacology and toxicology	0	0	0
epidemiology	0.36015263314847845	epidemiology	1	0	0
epidemiology	0.36098814840273596	epidemiology	1	0	0
epidemiology	0.3609897893484396	neuroscience	0	0	0
epidemiology	0.3610231396229959	plant biology	0	0	0
epidemiology	0.36222232561326817	physiology	0	0	0
epidemiology	0.3625592918250896	epidemiology	1	0	0
epidemiology	0.3634299672596911	pathology	0	0	0
epidemiology	0.3639906840063938	pharmacology and toxicology	0	0	0
epidemiology	0.3651440091306314	epidemiology	1	0	0
epidemiology	0.36633201322196285	epidemiology	1	1	0
epidemiology	0.36808593437823556	epidemiology	1	1	0
epidemiology	0.36986553866523963	neuroscience	0	0	0
epidemiology	0.37100774881723264	neuroscience	0	0	0
epidemiology	0.37102386176125923	epidemiology	1	0	0
epidemiology	0.37346332902816304	scientific communication and education	0	0	0
epidemiology	0.37351309556867174	neuroscience	0	0	0
epidemiology	0.37393420527546195	scientific communication and education	0	0	0
epidemiology	0.37413561656254557	epidemiology	1	0	0
epidemiology	0.37494282021741165	ecology	0	0	0
epidemiology	0.37549014373841716	scientific communication and education	0	0	0
epidemiology	0.37591470813755856	microbiology	0	0	0
epidemiology	0.3773051057089656	epidemiology	1	0	0
epidemiology	0.3783135300793362	epidemiology	1	0	0
epidemiology	0.3794422870066082	physiology	0	0	0
epidemiology	0.37945219669651875	clinical trials	0	0	0
epidemiology	0.3799286942639888	ecology	0	0	0
epidemiology	0.3808409933155784	pharmacology and toxicology	0	0	0
epidemiology	0.3826356292238636	epidemiology	1	0	0
epidemiology	0.3828130639991495	genetics	0	0	0
epidemiology	0.3841772682234841	epidemiology	1	0	0
epidemiology	0.38463996551353263	genetics	0	0	0
epidemiology	0.38481355396258243	evolutionary biology	0	0	0
epidemiology	0.3861284916074881	bioinformatics	0	0	0
epidemiology	0.3869828511797053	scientific communication and education	0	0	0
epidemiology	0.3875341768267432	microbiology	0	0	0
epidemiology	0.3875438184503919	neuroscience	0	0	0
epidemiology	0.3879300280722707	epidemiology	1	0	0
epidemiology	0.3879700645932761	neuroscience	0	0	0
epidemiology	0.3882699931357587	scientific communication and education	0	0	0
epidemiology	0.3888078713627462	bioinformatics	0	0	0
epidemiology	0.3896493440239034	bioinformatics	0	0	0
epidemiology	0.39013851009793765	bioinformatics	0	0	0
epidemiology	0.3904166552369789	neuroscience	0	0	0
epidemiology	0.39125472196330047	ecology	0	1	0
epidemiology	0.391404353702675	evolutionary biology	0	0	0
epidemiology	0.3916413228303106	microbiology	0	0	0
epidemiology	0.3962243590375818	bioinformatics	0	0	0
epidemiology	0.39669202569178663	scientific communication and education	0	0	0
epidemiology	0.3967346458303189	genomics	0	0	0
epidemiology	0.3989193618961916	bioinformatics	0	0	0
epidemiology	0.39922437807955313	bioinformatics	0	0	0
epidemiology	0.3993999887387497	scientific communication and education	0	0	0
epidemiology	0.3998214981082431	epidemiology	1	0	0
epidemiology	0.40018714546463785	epidemiology	1	0	0
epidemiology	0.40176198662765805	ecology	0	0	0
epidemiology	0.40182971976384063	epidemiology	1	0	0
epidemiology	0.40285195502117155	animal behavior and cognition	0	0	0
epidemiology	0.40411498548574243	animal behavior and cognition	0	0	0
epidemiology	0.40427620600671	pharmacology and toxicology	0	0	0
epidemiology	0.40474824134875875	bioinformatics	0	0	0
epidemiology	0.4055134881424969	microbiology	0	0	0
epidemiology	0.40562547110733105	epidemiology	1	0	0
epidemiology	0.407368648894873	clinical trials	0	0	0
epidemiology	0.4089818690335233	epidemiology	1	0	0
epidemiology	0.4108669732781475	immunology	0	0	0
epidemiology	0.41134226340931224	bioengineering	0	0	0
epidemiology	0.4123601755482119	scientific communication and education	0	0	0
epidemiology	0.4132933332950598	scientific communication and education	0	0	0
epidemiology	0.4143035305245082	plant biology	0	0	0
epidemiology	0.41570616743121136	microbiology	0	0	0
epidemiology	0.41744822898251066	microbiology	0	0	0
epidemiology	0.4177778920200663	genetics	0	0	0
epidemiology	0.4190711747499273	animal behavior and cognition	0	0	0
epidemiology	0.4213450420407978	epidemiology	1	0	0
epidemiology	0.4228930492820281	pharmacology and toxicology	0	0	0
epidemiology	0.42316555701519976	immunology	0	0	0
epidemiology	0.42414485665980306	epidemiology	1	0	0
epidemiology	0.4246830385683339	pharmacology and toxicology	0	0	0
epidemiology	0.4247204141100194	biophysics	0	0	0
epidemiology	0.4247268139630157	ecology	0	0	0
epidemiology	0.42549059877859363	paleontology	0	0	0
epidemiology	0.42666237974912535	scientific communication and education	0	0	0
epidemiology	0.42701914163292276	cancer biology	0	0	0
epidemiology	0.42732096819815957	physiology	0	0	0
epidemiology	0.42734641752617064	ecology	0	0	0
epidemiology	0.42794542508023337	synthetic biology	0	0	0
epidemiology	0.4286236188202103	neuroscience	0	0	0
epidemiology	0.4288473652777308	epidemiology	1	0	0
epidemiology	0.42904475640474293	epidemiology	1	0	0
epidemiology	0.4296443452066707	clinical trials	0	0	0
epidemiology	0.42975849603988525	bioinformatics	0	0	0
epidemiology	0.430201736771445	developmental biology	0	0	0
epidemiology	0.43030124861719676	neuroscience	0	0	0
epidemiology	0.43068673501772015	scientific communication and education	0	0	0
epidemiology	0.43092102302913937	scientific communication and education	0	0	0
epidemiology	0.431721630792658	physiology	0	0	0
epidemiology	0.43236518165211646	microbiology	0	0	0
epidemiology	0.4332670698025973	epidemiology	1	0	0
epidemiology	0.4349068592240112	pharmacology and toxicology	0	0	0
epidemiology	0.4349814841328712	microbiology	0	0	0
epidemiology	0.4360399190971652	ecology	0	1	0
epidemiology	0.43752506511992595	animal behavior and cognition	0	0	0
epidemiology	0.43847542054146227	epidemiology	1	0	0
epidemiology	0.4389485018829593	scientific communication and education	0	0	0
epidemiology	0.4390653631918764	biochemistry	0	0	0
epidemiology	0.4392950017351308	epidemiology	1	0	0
epidemiology	0.4394620447177623	developmental biology	0	0	0
epidemiology	0.43993419304617853	molecular biology	0	0	0
epidemiology	0.4399648734952638	genetics	0	0	0
epidemiology	0.440282870259212	molecular biology	0	0	0
epidemiology	0.4405165808093132	microbiology	0	0	0
epidemiology	0.4412880877344679	scientific communication and education	0	0	0
epidemiology	0.44335198224017514	epidemiology	1	0	0
epidemiology	0.4452707920685436	bioinformatics	0	0	0
epidemiology	0.4453046015138252	microbiology	0	0	0
epidemiology	0.445786287547561	genomics	0	0	0
epidemiology	0.44662185104930086	epidemiology	1	0	0
epidemiology	0.4476037693364979	genetics	0	0	0
epidemiology	0.44957011592969065	epidemiology	1	0	0
epidemiology	0.45036158493272327	immunology	0	0	0
epidemiology	0.45040308053383304	microbiology	0	0	0
epidemiology	0.45153028594281863	epidemiology	1	0	0
epidemiology	0.4522890753499521	scientific communication and education	0	0	0
epidemiology	0.4525441540159759	evolutionary biology	0	0	0
epidemiology	0.45262238542494404	epidemiology	1	0	0
epidemiology	0.4535809620523443	scientific communication and education	0	0	0
epidemiology	0.45364790709384173	epidemiology	1	0	0
epidemiology	0.453700706734423	microbiology	0	0	0
epidemiology	0.4570793774206787	microbiology	0	0	0
epidemiology	0.4571288596977813	physiology	0	0	0
epidemiology	0.45768087590196527	biophysics	0	0	0
epidemiology	0.45777407880253207	microbiology	0	0	0
epidemiology	0.4579847569639428	molecular biology	0	0	0
epidemiology	0.458015136669941	scientific communication and education	0	0	0
epidemiology	0.4581817459739146	scientific communication and education	0	0	0
epidemiology	0.45828973748281565	epidemiology	1	0	0
epidemiology	0.4591521535348646	biochemistry	0	0	0
epidemiology	0.4596792881101107	scientific communication and education	0	0	0
epidemiology	0.46025624093771733	physiology	0	0	0
epidemiology	0.4606309999744951	animal behavior and cognition	0	1	0
epidemiology	0.4608452956145652	epidemiology	1	0	0
epidemiology	0.4613340918026626	immunology	0	1	0
epidemiology	0.46259873552116404	plant biology	0	0	0
epidemiology	0.4626893716482625	genetics	0	0	0
epidemiology	0.4630132614515725	ecology	0	1	0
epidemiology	0.463483977155151	microbiology	0	0	0
epidemiology	0.4641398709423915	molecular biology	0	0	0
epidemiology	0.464415177351739	biochemistry	0	0	0
epidemiology	0.4644276805456794	bioinformatics	0	0	0
epidemiology	0.46444812072659636	scientific communication and education	0	0	0
epidemiology	0.464605469963172	ecology	0	0	0
epidemiology	0.4662208645368823	microbiology	0	0	0
epidemiology	0.4663351140028469	epidemiology	1	0	0
epidemiology	0.4681600173162136	epidemiology	1	0	0
epidemiology	0.46843175145296667	bioinformatics	0	0	0
epidemiology	0.46871807353625483	neuroscience	0	0	0
epidemiology	0.4687232002642078	epidemiology	1	0	0
epidemiology	0.46988447784844123	genetics	0	0	0
epidemiology	0.4713121474109573	clinical trials	0	0	0
epidemiology	0.471608077480801	cancer biology	0	0	0
epidemiology	0.4716880801881378	genetics	0	0	0
epidemiology	0.4716880801881378	genetics	0	0	0
epidemiology	0.4719806492519252	genetics	0	0	0
epidemiology	0.4740097447835103	scientific communication and education	0	0	0
epidemiology	0.4744021832019033	epidemiology	1	1	0
epidemiology	0.4752725325320325	biochemistry	0	0	0
epidemiology	0.4752987447851912	ecology	0	0	0
epidemiology	0.47656737550502026	systems biology	0	0	0
epidemiology	0.47709065433034625	neuroscience	0	0	0
epidemiology	0.4783218321715127	neuroscience	0	0	0
epidemiology	0.47838631079105953	clinical trials	0	0	0
epidemiology	0.4803036453988332	microbiology	0	0	0
epidemiology	0.48065883970266643	bioengineering	0	0	0
epidemiology	0.4808968868604261	physiology	0	0	0
epidemiology	0.4816605542774036	systems biology	0	0	0
epidemiology	0.481874388630395	zoology	0	2	0
epidemiology	0.4822583754037304	ecology	0	0	0
epidemiology	0.48232293770315526	neuroscience	0	0	0
epidemiology	0.48439056340965003	plant biology	0	0	0
epidemiology	0.48596153604719106	clinical trials	0	0	0
epidemiology	0.48662510891837474	physiology	0	0	0
epidemiology	0.48670293629843164	genetics	0	0	0
epidemiology	0.48671349063342406	genetics	0	0	0
epidemiology	0.4867354642430346	zoology	0	0	0
epidemiology	0.4872165722936842	cell biology	0	0	0
epidemiology	0.48771378391943065	bioinformatics	0	0	0
epidemiology	0.4892968849866566	physiology	0	0	0
epidemiology	0.4906542041503915	scientific communication and education	0	0	0
epidemiology	0.49134604035694884	scientific communication and education	0	0	0
epidemiology	0.4917842017654991	genomics	0	0	0
epidemiology	0.4927916169528943	bioinformatics	0	0	0
epidemiology	0.4929873804045214	systems biology	0	0	0
epidemiology	0.49307185313780233	epidemiology	1	0	0
epidemiology	0.4931656721811847	scientific communication and education	0	0	0
epidemiology	0.4932139442719863	microbiology	0	0	0
epidemiology	0.4936782138987551	pharmacology and toxicology	0	0	0
epidemiology	0.4942986263492626	immunology	0	0	0
epidemiology	0.4945814038911732	epidemiology	1	0	0
epidemiology	0.4968271507048164	scientific communication and education	0	0	0
epidemiology	0.4972558827125111	microbiology	0	0	0
epidemiology	0.49773665999105066	molecular biology	0	0	0
epidemiology	0.4981396627277037	molecular biology	0	0	0
epidemiology	0.49913820674861076	scientific communication and education	0	0	0
epidemiology	0.4992672231763343	ecology	0	0	0
epidemiology	0.4998816803524422	genomics	0	0	0
epidemiology	0.5001052702520915	cancer biology	0	0	0
epidemiology	0.5004405809901026	microbiology	0	0	0
epidemiology	0.5012552839362504	bioinformatics	0	0	0
epidemiology	0.5023625279424326	microbiology	0	0	0
epidemiology	0.5029049450613017	neuroscience	0	0	0
epidemiology	0.5057609764340574	bioengineering	0	0	0
epidemiology	0.5059169123974168	bioengineering	0	0	0
epidemiology	0.5064148588958179	bioinformatics	0	0	0
epidemiology	0.5065720858003973	genetics	0	0	0
epidemiology	0.5065926310436688	epidemiology	1	0	0
epidemiology	0.5078213440384465	microbiology	0	0	0
epidemiology	0.5078213440384465	bioinformatics	0	0	0
epidemiology	0.5080830655548345	pharmacology and toxicology	0	0	0
epidemiology	0.5095672462549532	immunology	0	0	0
epidemiology	0.5098972922900358	bioengineering	0	1	0
epidemiology	0.5100902838837529	neuroscience	0	0	0
epidemiology	0.5101716482481042	neuroscience	0	0	0
epidemiology	0.5104584483703063	scientific communication and education	0	1	0
epidemiology	0.5107654708820992	neuroscience	0	0	0
epidemiology	0.5112833734888825	systems biology	0	0	0
epidemiology	0.5117386415122611	ecology	0	0	0
epidemiology	0.5120589693194051	genetics	0	0	0
epidemiology	0.5122436257485974	epidemiology	1	0	0
epidemiology	0.5129222026212831	microbiology	0	0	0
epidemiology	0.5134219321791051	bioengineering	0	0	0
epidemiology	0.5146558661586569	ecology	0	0	0
epidemiology	0.5148107399739863	ecology	0	0	0
epidemiology	0.5149106662785072	ecology	0	0	0
epidemiology	0.5164260974171295	microbiology	0	0	0
epidemiology	0.5167900862763259	paleontology	0	0	0
epidemiology	0.5172892079745224	ecology	0	0	0
epidemiology	0.517614334030829	scientific communication and education	0	0	0
epidemiology	0.5177223177608801	epidemiology	1	0	0
epidemiology	0.5182192655820097	scientific communication and education	0	0	0
epidemiology	0.5183634875653509	bioinformatics	0	0	0
epidemiology	0.5185549901228722	ecology	0	1	0
epidemiology	0.5188141166891436	ecology	0	0	0
epidemiology	0.5191083883253189	zoology	0	0	0
epidemiology	0.5191802182985159	zoology	0	0	0
epidemiology	0.5200033642215511	ecology	0	1	0
epidemiology	0.5205665610456507	bioinformatics	0	1	0
epidemiology	0.5210337698722128	microbiology	0	0	0
epidemiology	0.5211606206368373	neuroscience	0	0	0
epidemiology	0.5212855471469676	scientific communication and education	0	0	0
epidemiology	0.5213897284323517	epidemiology	1	0	0
epidemiology	0.5219606750787662	ecology	0	0	0
epidemiology	0.5227237014760491	genomics	0	0	0
epidemiology	0.5233585998713343	ecology	0	0	0
epidemiology	0.5249705135957109	microbiology	0	0	0
epidemiology	0.5256112656710075	bioinformatics	0	0	0
epidemiology	0.5265022466235456	pathology	0	0	0
epidemiology	0.5266163602075062	ecology	0	0	0
epidemiology	0.5266313926152375	bioinformatics	0	0	0
epidemiology	0.5277871159683964	pharmacology and toxicology	0	0	0
epidemiology	0.5293428709389756	ecology	0	0	0
epidemiology	0.5294316184649285	systems biology	0	0	0
epidemiology	0.5298335638184486	epidemiology	1	0	0
epidemiology	0.5299091778221363	microbiology	0	0	0
epidemiology	0.5301703005726197	neuroscience	0	0	0
epidemiology	0.5307955818265271	clinical trials	0	0	0
epidemiology	0.530829981385787	zoology	0	0	0
epidemiology	0.53138311798216	bioengineering	0	1	0
epidemiology	0.5316040507965216	neuroscience	0	0	0
epidemiology	0.5317392033989883	molecular biology	0	0	0
epidemiology	0.5317879206370406	scientific communication and education	0	0	0
epidemiology	0.5319243528626398	epidemiology	1	0	0
epidemiology	0.532418577751704	immunology	0	0	0
epidemiology	0.5329757750091226	microbiology	0	0	0
epidemiology	0.5331774785159336	evolutionary biology	0	0	0
epidemiology	0.5333331068985594	scientific communication and education	0	0	0
epidemiology	0.5338488625089932	microbiology	0	0	0
epidemiology	0.5338807263739144	genetics	0	0	0
epidemiology	0.5342023054237441	physiology	0	0	0
epidemiology	0.5354386970843151	microbiology	0	0	0
epidemiology	0.5356006943054454	animal behavior and cognition	0	0	0
epidemiology	0.5358468819512567	genetics	0	0	0
epidemiology	0.5360409386618077	zoology	0	0	0
epidemiology	0.5361299842405091	microbiology	0	0	0
epidemiology	0.5362756034610993	genetics	0	0	0
epidemiology	0.5364632934522314	evolutionary biology	0	0	0
epidemiology	0.5368307785878803	scientific communication and education	0	0	0
epidemiology	0.5372927916583117	ecology	0	0	0
epidemiology	0.5374075234469495	clinical trials	0	0	0
epidemiology	0.537563250992471	biophysics	0	0	0
epidemiology	0.5377087747926601	immunology	0	0	0
epidemiology	0.5377723278405053	paleontology	0	0	0
epidemiology	0.5385054220679444	scientific communication and education	0	0	0
epidemiology	0.5388616207408081	developmental biology	0	0	0
epidemiology	0.5399565352012191	ecology	0	0	0
epidemiology	0.5414493721940026	neuroscience	0	0	0
epidemiology	0.5424232739697545	bioinformatics	0	0	0
epidemiology	0.5425447616270969	systems biology	0	0	0
epidemiology	0.5430256192300085	genomics	0	0	0
epidemiology	0.5430451015663142	clinical trials	0	0	0
epidemiology	0.5433119012023228	systems biology	0	0	0
epidemiology	0.5434730045334001	epidemiology	1	0	0
epidemiology	0.543892684661563	ecology	0	0	0
epidemiology	0.544603453568586	microbiology	0	0	0
epidemiology	0.5448460553162207	scientific communication and education	0	0	0
epidemiology	0.544998877187694	ecology	0	1	0
epidemiology	0.5463415379661345	epidemiology	1	0	0
epidemiology	0.5467060206606218	microbiology	0	1	0
epidemiology	0.5467267451225393	microbiology	0	0	0
epidemiology	0.547051851523099	clinical trials	0	0	0
epidemiology	0.5471876178457618	genomics	0	0	0
epidemiology	0.5476021929862682	systems biology	0	0	0
epidemiology	0.5477519508827703	pathology	0	0	0
epidemiology	0.5477795877051496	neuroscience	0	0	0
epidemiology	0.5481399057182308	epidemiology	1	0	0
epidemiology	0.5481517366566908	physiology	0	0	0
epidemiology	0.5484503131727156	microbiology	0	0	0
epidemiology	0.5485937742308372	epidemiology	1	0	0
epidemiology	0.548599510344774	neuroscience	0	0	0
epidemiology	0.5491681401334583	cancer biology	0	0	0
epidemiology	0.5492898800166661	epidemiology	1	0	0
epidemiology	0.5501024596450399	evolutionary biology	0	0	0
epidemiology	0.5503139173891487	epidemiology	1	0	0
epidemiology	0.5507115727029164	neuroscience	0	0	0
epidemiology	0.5508267143319602	scientific communication and education	0	0	0
epidemiology	0.5509445506238804	ecology	0	0	0
epidemiology	0.5512123313040593	microbiology	0	0	0
epidemiology	0.5517582392071962	genetics	0	0	0
epidemiology	0.5520633424345149	pharmacology and toxicology	0	0	0
epidemiology	0.5524434674861023	genomics	0	0	0
epidemiology	0.5526046935042148	microbiology	0	0	0
epidemiology	0.5526846389817387	bioinformatics	0	0	0
epidemiology	0.5526974048247816	bioinformatics	0	0	0
epidemiology	0.5526995416079925	scientific communication and education	0	0	0
epidemiology	0.5528071885666661	molecular biology	0	0	0
epidemiology	0.5531216784104938	scientific communication and education	0	0	0
epidemiology	0.5531649534148129	epidemiology	1	0	0
epidemiology	0.5536627720096201	genomics	0	0	0
epidemiology	0.5552040604195653	immunology	0	0	0
